INSERT INTO public.book (id, name) VALUES(37, 'Hag') ON CONFLICT DO NOTHING;
INSERT INTO public.lemma (id) VALUES('H????'), ('H0068'), ('H0120'), ('H0127'), ('H0251'), ('H0259'), ('H0314'), ('H0369'), ('H0376'), ('H0398'), ('H0408'), ('H0413'), ('H0428'), ('H0430'), ('H0518a'), ('H0559'), ('H0589'), ('H0702'), ('H0776'), ('H0834a'), ('H0834d'), ('H0853'), ('H0854'), ('H0859d'), ('H0899b'), ('H0929'), ('H0935'), ('H0977'), ('H1004b'), ('H1121a'), ('H1129'), ('H1259'), ('H1288'), ('H1320'), ('H1419a'), ('H1471a'), ('H1612'), ('H1697'), ('H1715'), ('H1867'), ('H1870'), ('H1931'), ('H1961'), ('H1964'), ('H2005'), ('H2009'), ('H2015'), ('H2022'), ('H2088'), ('H2091'), ('H2132'), ('H2216'), ('H2232'), ('H2233'), ('H2292a'), ('H2320'), ('H2368'), ('H2388'), ('H2392'), ('H2527'), ('H2532a'), ('H2572'), ('H2719'), ('H2720b'), ('H2721a'), ('H2724'), ('H2834'), ('H2919'), ('H2930a'), ('H2931'), ('H2962'), ('H2981'), ('H3018'), ('H3027'), ('H3063'), ('H3068'), ('H3087'), ('H3091'), ('H3117'), ('H3196'), ('H3220'), ('H3245'), ('H3282'), ('H3318'), ('H3323'), ('H3342'), ('H3372'), ('H3381'), ('H3420'), ('H3427'), ('H3513'), ('H3519'), ('H3541'), ('H3548'), ('H3588a'), ('H3605'), ('H3607'), ('H3644'), ('H3651c'), ('H3671'), ('H3678'), ('H3701'), ('H3709'), ('H3772'), ('H3808'), ('H3824'), ('H3847'), ('H3899'), ('H3947'), ('H3978'), ('H4035'), ('H4100'), ('H4310'), ('H4390'), ('H4397'), ('H4399'), ('H4400'), ('H4428'), ('H4467'), ('H4480a'), ('H4592'), ('H4605'), ('H4639'), ('H4714'), ('H4725'), ('H4818'), ('H4994'), ('H5002'), ('H5030'), ('H5060'), ('H5138'), ('H5221'), ('H5301'), ('H5315'), ('H5344a'), ('H5375'), ('H5414'), ('H5483b'), ('H5603'), ('H5650'), ('H5704'), ('H5750'), ('H5782'), ('H5869a'), ('H5921a'), ('H5927'), ('H5971a'), ('H5975'), ('H6030b'), ('H6086'), ('H6194'), ('H6213a'), ('H6235'), ('H6242'), ('H6256'), ('H6258'), ('H6333'), ('H6346'), ('H6437'), ('H6440'), ('H6635b'), ('H6872a'), ('H6942'), ('H6944'), ('H6963a'), ('H7121'), ('H7126'), ('H7200'), ('H7223'), ('H7235a'), ('H7307'), ('H7323'), ('H7392'), ('H7416'), ('H7493'), ('H7521'), ('H7592'), ('H7597a'), ('H7597b'), ('H7604'), ('H7611'), ('H7637'), ('H7654'), ('H7711b'), ('H7760a'), ('H7936b'), ('H7937'), ('H7965'), ('H7971'), ('H8033'), ('H8045'), ('H8064'), ('H8081'), ('H8085'), ('H8141'), ('H8145'), ('H8147'), ('H8345'), ('H8354'), ('H8384'), ('H8432'), ('H8451'), ('H8492'), ('H8671') ON CONFLICT DO NOTHING;
INSERT INTO public.lemma_form (id, grammar, lemma_id) VALUES('H????-001', '', 'H????'), ('H0068-008', 'N-fsc', 'H0068'), ('H0120-002', 'Art | N-ms', 'H0120'), ('H0127-001', 'Art | N-fs', 'H0127'), ('H0251-001', 'N-msc | 3ms', 'H0251'), ('H0259-001', 'Number-ms', 'H0259'), ('H0259-016', 'Number-fsc', 'H0259'), ('H0259-019', 'Conj-w | Number-ms', 'H0259'), ('H0314-002', 'Art | Adj-ms', 'H0314'), ('H0369-006', 'Conj-w | Adv', 'H0369'), ('H0369-015', 'Prep-k | Adv', 'H0369'), ('H0376-002', 'N-ms', 'H0376'), ('H0398-001', 'V-Qal-InfAbs', 'H0398'), ('H0408-001', 'Adv', 'H0408'), ('H0413-001', 'Prep', 'H0413'), ('H0413-002', 'Conj-w | Prep', 'H0413'), ('H0413-004', 'Prep | 1cs', 'H0413'), ('H0428-001', 'Pro-cp', 'H0428'), ('H0430-017', 'N-mpc | 3mp', 'H0430'), ('H0518a-003', 'Conj', 'H0518a'), ('H0559-001', 'Conj-w | V-Qal-ConsecImperf-3ms', 'H0559'), ('H0559-002', 'Prep-l | V-Qal-Inf', 'H0559'), ('H0559-003', 'V-Qal-Perf-3ms', 'H0559'), ('H0559-006', 'Conj-w | V-Qal-ConsecImperf-3mp', 'H0559'), ('H0559-028', 'V-Qal-Perf-3cp', 'H0559'), ('H0559-032', 'V-Qal-Imp-ms', 'H0559'), ('H0589-001', 'Conj-w | Pro-1cs', 'H0589'), ('H0589-002', 'Pro-1cs', 'H0589'), ('H0702-012', 'Conj-w | Number-ms', 'H0702'), ('H0776-001', 'Art | N-fs', 'H0776'), ('H0776-002', 'Conj-w, Art | N-fs', 'H0776'), ('H0834a-003', 'Pro-r', 'H0834a'), ('H0834a-006', 'Conj-w | Pro-r', 'H0834a'), ('H0834d-003', 'Prep-k | Pro-r', 'H0834d'), ('H0853-001', 'DirObjM', 'H0853'), ('H0853-002', 'Conj-w | DirObjM', 'H0853'), ('H0853-004', 'DirObjM | 3ms', 'H0853'), ('H0853-018', 'DirObjM | 2mp', 'H0853'), ('H0854-006', 'Prep | 2mp', 'H0854'), ('H0859d-001', 'Pro-2mp', 'H0859d'), ('H0859d-002', 'Conj-w | Pro-2mp', 'H0859d'), ('H0899b-012', 'N-msc | 3ms', 'H0899b'), ('H0929-002', 'Art | N-fs', 'H0929'), ('H0935-012', 'V-Qal-Perf-3ms', 'H0935'), ('H0935-013', 'Conj-w | V-Qal-ConsecImperf-3mp', 'H0935'), ('H0935-052', 'V-Qal-Inf', 'H0935'), ('H0935-078', 'Conj-w | V-Qal-ConjPerf-3cp', 'H0935'), ('H0935-114', 'Conj-w | V-Hifil-ConjPerf-2mp', 'H0935'), ('H0935-248', 'Conj-w | V-Hifil-InfAbs', 'H0935'), ('H0977-015', 'V-Qal-Perf-1cs', 'H0977'), ('H1004b-013', 'Conj-w, Art | N-ms', 'H1004b'), ('H1004b-023', 'Prep-b | N-mpc | 2mp', 'H1004b'), ('H1004b-029', 'Prep-l | N-msc | 3ms', 'H1004b'), ('H1004b-064', 'N-msc', 'H1004b'), ('H1004b-065', 'Art | N-ms', 'H1004b'), ('H1004b-071', 'Prep-b | N-msc', 'H1004b'), ('H1004b-074', 'N-msc | 1cs', 'H1004b'), ('H1121a-073', 'N-msc', 'H1121a'), ('H1129-038', 'Conj-w | V-Qal-Imp-mp', 'H1129'), ('H1129-079', 'Prep-l | V-Nifal-Inf', 'H1129'), ('H1259-007', 'Conj-w, Prep-b, Art | N-ms', 'H1259'), ('H1288-073', 'V-Piel-Imperf-1cs', 'H1288'), ('H1320-006', 'N-msc', 'H1320'), ('H1419a-015', 'Art | Adj-ms', 'H1419a'), ('H1419a-025', 'Adj-ms', 'H1419a'), ('H1471a-015', 'Art | N-ms', 'H1471a'), ('H1471a-022', 'Art | N-mp', 'H1471a'), ('H1612-007', 'Art | N-cs', 'H1612'), ('H1697-002', 'N-msc', 'H1697'), ('H1697-007', 'Art | N-ms', 'H1697'), ('H1697-009', 'N-mpc', 'H1697'), ('H1715-006', 'Art | N-ms', 'H1715'), ('H1867-002', 'Prep-l | N-proper-ms', 'H1867'), ('H1870-014', 'N-cpc | 2mp', 'H1870'), ('H1931-001', 'Pro-3ms', 'H1931'), ('H1931-003', 'Pro-3fs', 'H1931'), ('H1931-005', 'Art | Pro-3ms', 'H1931'), ('H1961-003', 'Conj-w | V-Qal-ConsecImperf-3ms', 'H1961'), ('H1961-006', 'V-Qal-Imperf-3ms', 'H1961'), ('H1961-010', 'V-Qal-Perf-3ms', 'H1961'), ('H1961-017', 'Conj-w | V-Qal-ConjPerf-3fs', 'H1961'), ('H1961-090', 'Prep-m | V-Qal-Inf | 3mp', 'H1961'), ('H1964-001', 'N-msc', 'H1964'), ('H1964-002', 'Prep-b | N-msc', 'H1964'), ('H2005-001', 'Interjection', 'H2005'), ('H2009-002', 'Conj-w | Interjection', 'H2009'), ('H2015-037', 'Conj-w | V-Qal-ConjPerf-1cs', 'H2015'), ('H2022-001', 'Art | N-mp', 'H2022'), ('H2022-009', 'Art | N-ms', 'H2022'), ('H2088-003', 'Art | Pro-ms', 'H2088'), ('H2091-001', 'Art | N-ms', 'H2091'), ('H2132-008', 'Art | N-ms', 'H2132'), ('H2216-001', 'N-proper-fs', 'H2216'), ('H2232-034', 'V-Qal-Perf-2mp', 'H2232'), ('H2233-014', 'Art | N-ms', 'H2233'), ('H2292a-001', 'N-proper-ms', 'H2292a'), ('H2320-001', 'Prep-b, Art | N-ms', 'H2320'), ('H2320-002', 'Prep-l, Art | N-ms', 'H2320'), ('H2368-004', 'Prep-k, Art | N-ms', 'H2368'), ('H2388-018', 'V-Qal-Imp-ms', 'H2388'), ('H2388-092', 'Conj-w | V-Qal-Imp-ms', 'H2388'), ('H2392-003', 'N-msc', 'H2392'), ('H2527-009', 'Prep-l | V-Qal-Inf', 'H2527'), ('H2532a-005', 'N-fsc', 'H2532a'), ('H2572-001', 'Number-cp', 'H2572'), ('H2719-020', 'Prep-b | N-fsc', 'H2719'), ('H2720b-003', 'Adj-ms', 'H2720b'), ('H2721a-004', 'N-ms', 'H2721a'), ('H2724-003', 'Art | N-fs', 'H2724'), ('H2834-010', 'Prep-l | V-Qal-Inf', 'H2834'), ('H2919-005', 'Prep-m | N-ms', 'H2919'), ('H2930a-003', 'V-Qal-Imperf-3ms', 'H2930a'), ('H2931-001', 'Adj-ms', 'H2931'), ('H2931-009', 'Adj-msc', 'H2931'), ('H2962-006', 'Prep-m | Adv', 'H2962'), ('H2981-001', 'N-msc | 3fs', 'H2981'), ('H3018-001', 'N-msc', 'H3018'), ('H3027-022', 'Prep-b | N-fsc', 'H3027'), ('H3027-046', 'N-fdc | 3mp', 'H3027'), ('H3027-055', 'N-fdc | 2mp', 'H3027'), ('H3063-001', 'N-proper-ms', 'H3063'), ('H3068-001', 'N-proper-ms', 'H3068'), ('H3087-001', 'N-proper-ms', 'H3087'), ('H3091-001', 'N-proper-ms', 'H3091'), ('H3091-002', 'Conj-w | N-proper-ms', 'H3091'), ('H3117-002', 'Art | N-ms', 'H3117'), ('H3117-004', 'Prep-b, Art | N-ms', 'H3117'), ('H3117-006', 'Prep-b | N-msc', 'H3117'), ('H3117-020', 'Prep-b | N-ms', 'H3117'), ('H3117-022', 'Prep-m | N-msc', 'H3117'), ('H3196-001', 'Art | N-ms', 'H3196'), ('H3220-003', 'Art | N-ms', 'H3220'), ('H3245-004', 'V-Pual-Perf-3ms', 'H3245'), ('H3282-001', 'Adv', 'H3282'), ('H3318-095', 'Prep-b | V-Qal-Inf | 2mp', 'H3318'), ('H3318-148', 'V-Hifil-Imperf-3fs', 'H3318'), ('H3323-005', 'Art | N-ms', 'H3323'), ('H3342-001', 'Art | N-ms', 'H3342'), ('H3372-005', 'Conj-w | V-Qal-ConsecImperf-3mp', 'H3372'), ('H3372-011', 'V-Qal-Imperf-2mp', 'H3372'), ('H3381-031', 'Conj-w | V-Qal-ConjPerf-3cp', 'H3381'), ('H3420-001', 'Conj-w, Prep-b, Art | N-ms', 'H3420'), ('H3427-004', 'Prep-l | V-Qal-Inf', 'H3427'), ('H3513-010', 'Conj-w | V-Nifal-ConjImperf.Cohort-1cs', 'H3513'), ('H3513-065', 'Conj-w | V-Nifal-ConjImperf-1cs', 'H3513'), ('H3519-004', 'N-msc', 'H3519'), ('H3519-011', 'N-ms', 'H3519'), ('H3519-016', 'Prep-b | N-msc | 3ms', 'H3519'), ('H3541-001', 'Adv', 'H3541'), ('H3548-003', 'Art | N-mp', 'H3548'), ('H3548-008', 'Art | N-ms', 'H3548'), ('H3588a-005', 'Conj', 'H3588a'), ('H3605-001', 'N-msc', 'H3605'), ('H3605-004', 'Conj-w | N-msc', 'H3605'), ('H3605-014', 'Prep-b | N-msc', 'H3605'), ('H3607-004', 'V-Qal-Perf-3cp', 'H3607'), ('H3607-015', 'V-Qal-Perf-3fs', 'H3607'), ('H3644-005', 'Prep | 3ms', 'H3644'), ('H3651c-006', 'Adv', 'H3651c'), ('H3651c-007', 'Conj-w | Adv', 'H3651c'), ('H3671-010', 'Prep-b | N-fsc', 'H3671'), ('H3671-028', 'Prep-b | N-fsc | 3ms', 'H3671'), ('H3678-003', 'N-msc', 'H3678'), ('H3701-007', 'Art | N-ms', 'H3701'), ('H3709-033', 'N-fd', 'H3709'), ('H3772-014', 'V-Qal-Perf-1cs', 'H3772'), ('H3808-001', 'Adv-NegPrt', 'H3808'), ('H3824-007', 'N-msc | 2mp', 'H3824'), ('H3847-051', 'V-Qal-InfAbs', 'H3847'), ('H3899-002', 'Art | N-ms', 'H3899'), ('H3947-121', 'V-Qal-Imperf-1cs | 2ms', 'H3947'), ('H3978-002', 'N-ms', 'H3978'), ('H4035-003', 'Prep-b, Art | N-fs', 'H4035'), ('H4100-001', 'Interrog', 'H4100'), ('H4100-003', 'Conj-w | Interrog', 'H4100'), ('H4310-001', 'Interrog', 'H4310'), ('H4390-038', 'Conj-w | V-Piel-ConjPerf-1cs', 'H4390'), ('H4397-001', 'N-msc', 'H4397'), ('H4399-003', 'N-fs', 'H4399'), ('H4400-001', 'Prep-b | N-fsc', 'H4400'), ('H4428-006', 'Art | N-ms', 'H4428'), ('H4467-005', 'N-fpc', 'H4467'), ('H4467-011', 'N-fp', 'H4467'), ('H4480a-009', 'Prep-l', 'H4480a'), ('H4480a-010', 'Prep', 'H4480a'), ('H4592-015', 'Adv', 'H4592'), ('H4592-016', 'Prep-l | Adv', 'H4592'), ('H4605-004', 'Conj-w | Adv | 3fs', 'H4605'), ('H4639-003', 'N-msc', 'H4639'), ('H4714-003', 'Prep-m | N-proper-fs', 'H4714'), ('H4725-039', 'Conj-w, Prep-b, Art | N-ms', 'H4725'), ('H4818-008', 'N-fs', 'H4818'), ('H4994-001', 'Interjection', 'H4994'), ('H5002-001', 'N-msc', 'H5002'), ('H5030-005', 'Art | N-ms', 'H5030'), ('H5060-013', 'V-Qal-Imperf-3ms', 'H5060'), ('H5060-054', 'Conj-w | V-Qal-ConjPerf-3ms', 'H5060'), ('H5138-003', 'Art | N-ms', 'H5138'), ('H5221-059', 'V-Hifil-Perf-1cs', 'H5221'), ('H5301-008', 'Conj-w | V-Qal-ConjPerf-1cs', 'H5301'), ('H5315-001', 'N-fs', 'H5315'), ('H5344a-012', 'V-Qal-QalPassPrtcpl-ms', 'H5344a'), ('H5375-003', 'V-Qal-Perf-3ms', 'H5375'), ('H5375-012', 'V-Qal-Imperf-3ms', 'H5375'), ('H5414-009', 'V-Qal-Imperf-1cs', 'H5414'), ('H5483b-028', 'N-mp', 'H5483b'), ('H5603-004', 'V-Qal-QalPassPrtcpl-mp', 'H5603'), ('H5650-013', 'N-msc | 1cs', 'H5650'), ('H5704-002', 'Conj-w | Prep', 'H5704'), ('H5750-001', 'Adv', 'H5750'), ('H5782-004', 'Conj-w | V-Hifil-ConsecImperf-3ms', 'H5782'), ('H5869a-005', 'Prep-b | N-cdc | 2mp', 'H5869a'), ('H5921a-005', 'Prep | 2mp', 'H5921a'), ('H5921a-006', 'Prep', 'H5921a'), ('H5921a-015', 'Conj-w | Prep', 'H5921a'), ('H5927-018', 'V-Qal-Imp-mp', 'H5927'), ('H5971a-001', 'N-msc', 'H5971a'), ('H5971a-006', 'Prep-l, Art | N-ms', 'H5971a'), ('H5971a-060', 'Art | N-ms', 'H5971a'), ('H5975-069', 'V-Qal-Prtcpl-fs', 'H5975'), ('H6030b-032', 'Conj-w | V-Qal-ConsecImperf-3ms', 'H6030b'), ('H6030b-042', 'Conj-w | V-Qal-ConsecImperf-3mp', 'H6030b'), ('H6086-004', 'N-ms', 'H6086'), ('H6086-005', 'Conj-w | N-msc', 'H6086'), ('H6194-004', 'N-fsc', 'H6194'), ('H6213a-015', 'Conj-w | V-Qal-ConsecImperf-3mp', 'H6213a'), ('H6213a-127', 'Conj-w | V-Qal-Imp-mp', 'H6213a'), ('H6235-002', 'Number-ms', 'H6235'), ('H6242-002', 'Number-cp', 'H6242'), ('H6242-004', 'Prep-b | Number-cp', 'H6242'), ('H6256-005', 'N-csc', 'H6256'), ('H6256-015', 'Art | N-cs', 'H6256'), ('H6258-001', 'Conj-w | Adv', 'H6258'), ('H6258-002', 'Adv', 'H6258'), ('H6333-001', 'N-fs', 'H6333'), ('H6346-003', 'N-msc', 'H6346'), ('H6437-043', 'V-Qal-InfAbs', 'H6437'), ('H6440-003', 'Prep-m | N-cpc', 'H6440'), ('H6440-009', 'Prep-l | N-mpc | 1cs', 'H6440'), ('H6635b-002', 'N-cp', 'H6635b'), ('H6872a-003', 'N-ms', 'H6872a'), ('H6942-012', 'V-Qal-Imperf-3ms', 'H6942'), ('H6944-001', 'N-ms', 'H6944'), ('H6963a-004', 'Prep-b | N-msc', 'H6963a'), ('H7121-013', 'Conj-w | V-Qal-ConsecImperf-1cs', 'H7121'), ('H7126-024', 'V-Hifil-Imperf-3mp', 'H7126'), ('H7200-029', 'V-Qal-Perf-3ms', 'H7200'), ('H7200-063', 'V-Qal-Prtcpl-mp', 'H7200'), ('H7223-003', 'Art | Adj-ms', 'H7223'), ('H7235a-025', 'V-Hifil-InfAbs', 'H7235a'), ('H7307-004', 'N-csc', 'H7307'), ('H7307-037', 'Conj-w | N-csc | 1cs', 'H7307'), ('H7323-011', 'V-Qal-Prtcpl-mp', 'H7323'), ('H7392-038', 'Conj-w | V-Qal-Prtcpl-mpc | 3fs', 'H7392'), ('H7392-039', 'Conj-w | V-Qal-Prtcpl-mpc | 3mp', 'H7392'), ('H7416-010', 'Conj-w, Art | N-ms', 'H7416'), ('H7493-008', 'V-Hifil-Prtcpl-ms', 'H7493'), ('H7493-018', 'Conj-w | V-Hifil-ConjPerf-1cs', 'H7493'), ('H7521-037', 'Conj-w | V-Qal-ConjImperf.h-1cs', 'H7521'), ('H7592-016', 'V-Qal-Imp-ms', 'H7592'), ('H7597a-001', 'N-proper-ms', 'H7597a'), ('H7597b-001', 'N-proper-ms', 'H7597b'), ('H7604-003', 'Art | V-Nifal-Prtcpl-ms', 'H7604'), ('H7611-004', 'N-fsc', 'H7611'), ('H7637-006', 'Prep-b, Art | Number-oms', 'H7637'), ('H7654-001', 'Prep-l | N-fs', 'H7654'), ('H7711b-003', 'Prep-b, Art | N-ms', 'H7711b'), ('H7760a-024', 'V-Qal-Inf', 'H7760a'), ('H7760a-050', 'Conj-w | V-Qal-ConjPerf-1cs | 2ms', 'H7760a'), ('H7760a-067', 'V-Qal-Imp-mp', 'H7760a'), ('H7936b-002', 'Conj-w, Art | V-Hitpael-Prtcpl-ms', 'H7936b'), ('H7936b-007', 'V-Hitpael-Prtcpl-ms', 'H7936b'), ('H7937-017', 'Prep-l | V-Qal-Inf | 3fs', 'H7937'), ('H7965-003', 'N-ms', 'H7965'), ('H7971-045', 'V-Qal-Perf-3ms | 3ms', 'H7971'), ('H8033-001', 'Adv', 'H8033'), ('H8045-002', 'Conj-w | V-Hifil-ConjPerf-1cs', 'H8045'), ('H8064-001', 'Art | N-mp', 'H8064'), ('H8064-002', 'N-mp', 'H8064'), ('H8081-001', 'N-ms', 'H8081'), ('H8085-006', 'Conj-w | V-Qal-ConsecImperf-3ms', 'H8085'), ('H8141-004', 'Prep-b | N-fsc', 'H8141'), ('H8145-006', 'Number-ofs', 'H8145'), ('H8147-004', 'Number-fd', 'H8147'), ('H8345-001', 'Art | Number-oms', 'H8345'), ('H8345-006', 'Prep-b, Art | Number-oms', 'H8345'), ('H8354-027', 'V-Qal-InfAbs', 'H8354'), ('H8384-020', 'Conj-w, Art | N-fs', 'H8384'), ('H8432-005', 'Prep-b | N-msc | 2mp', 'H8432'), ('H8451-002', 'N-fs', 'H8451'), ('H8492-006', 'Art | N-ms', 'H8492'), ('H8671-003', 'Prep-l, Art | Number-oms', 'H8671') ON CONFLICT DO NOTHING;
INSERT INTO public.verse (id, number, book_id, chapter) VALUES('37001001', 1, 37, 1), ('37001002', 2, 37, 1), ('37001003', 3, 37, 1), ('37001004', 4, 37, 1), ('37001005', 5, 37, 1), ('37001006', 6, 37, 1), ('37001007', 7, 37, 1), ('37001008', 8, 37, 1), ('37001009', 9, 37, 1), ('37001010', 10, 37, 1), ('37001011', 11, 37, 1), ('37001012', 12, 37, 1), ('37001013', 13, 37, 1), ('37001014', 14, 37, 1), ('37001015', 15, 37, 1), ('37002001', 1, 37, 2), ('37002002', 2, 37, 2), ('37002003', 3, 37, 2), ('37002004', 4, 37, 2), ('37002005', 5, 37, 2), ('37002006', 6, 37, 2), ('37002007', 7, 37, 2), ('37002008', 8, 37, 2), ('37002009', 9, 37, 2), ('37002010', 10, 37, 2), ('37002011', 11, 37, 2), ('37002012', 12, 37, 2), ('37002013', 13, 37, 2), ('37002014', 14, 37, 2), ('37002015', 15, 37, 2), ('37002016', 16, 37, 2), ('37002017', 17, 37, 2), ('37002018', 18, 37, 2), ('37002019', 19, 37, 2), ('37002020', 20, 37, 2), ('37002021', 21, 37, 2), ('37002022', 22, 37, 2), ('37002023', 23, 37, 2) ON CONFLICT DO NOTHING;
INSERT INTO public.word (id, text, verse_id, form_id) VALUES('3700100101', 'בִּשְׁנַ֤ת', '37001001', 'H8141-004'), ('3700100102', 'שְׁתַּ֙יִם֙', '37001001', 'H8147-004'), ('3700100103', 'לְדָרְיָ֣וֶשׁ', '37001001', 'H1867-002'), ('3700100104', 'הַמֶּ֔לֶךְ', '37001001', 'H4428-006'), ('3700100105', 'בַּחֹ֙דֶשׁ֙', '37001001', 'H2320-001'), ('3700100106', 'הַשִּׁשִּׁ֔י', '37001001', 'H8345-001'), ('3700100107', 'בְּי֥וֹם', '37001001', 'H3117-020'), ('3700100108', 'אֶחָ֖ד', '37001001', 'H0259-001'), ('3700100109', 'לַחֹ֑דֶשׁ', '37001001', 'H2320-002'), ('3700100110', 'הָיָ֨ה', '37001001', 'H1961-010'), ('3700100111', 'דְבַר־', '37001001', 'H1697-002'), ('3700100112', 'יְהוָ֜ה', '37001001', 'H3068-001'), ('3700100113', 'בְּיַד־', '37001001', 'H3027-022'), ('3700100114', 'חַגַּ֣י', '37001001', 'H2292a-001'), ('3700100115', 'הַנָּבִ֗יא', '37001001', 'H5030-005'), ('3700100116', 'אֶל־', '37001001', 'H0413-001'), ('3700100117', 'זְרֻבָּבֶ֤ל', '37001001', 'H2216-001'), ('3700100118', 'בֶּן־', '37001001', 'H1121a-073'), ('3700100119', 'שְׁאַלְתִּיאֵל֙', '37001001', 'H7597a-001'), ('3700100120', 'פַּחַ֣ת', '37001001', 'H6346-003'), ('3700100121', 'יְהוּדָ֔ה', '37001001', 'H3063-001'), ('3700100122', 'וְאֶל־', '37001001', 'H0413-002'), ('3700100123', 'יְהוֹשֻׁ֧עַ', '37001001', 'H3091-001'), ('3700100124', 'בֶּן־', '37001001', 'H1121a-073'), ('3700100125', 'יְהוֹצָדָ֛ק', '37001001', 'H3087-001'), ('3700100126', 'הַכֹּהֵ֥ן', '37001001', 'H3548-008'), ('3700100127', 'הַגָּד֖וֹל', '37001001', 'H1419a-015'), ('3700100128', 'לֵאמֹֽר׃', '37001001', 'H0559-002'), ('3700100201', 'כֹּ֥ה', '37001002', 'H3541-001'), ('3700100202', 'אָמַ֛ר', '37001002', 'H0559-003'), ('3700100203', 'יְהוָ֥ה', '37001002', 'H3068-001'), ('3700100204', 'צְבָא֖וֹת', '37001002', 'H6635b-002'), ('3700100205', 'לֵאמֹ֑ר', '37001002', 'H0559-002'), ('3700100206', 'הָעָ֤ם', '37001002', 'H5971a-060'), ('3700100207', 'הַזֶּה֙', '37001002', 'H2088-003'), ('3700100208', 'אָֽמְר֔וּ', '37001002', 'H0559-028'), ('3700100209', 'לֹ֥א', '37001002', 'H3808-001'), ('3700100210', 'עֶת־', '37001002', 'H6256-005'), ('3700100211', 'בֹּ֛א', '37001002', 'H0935-052'), ('3700100212', 'עֶת־', '37001002', 'H6256-005'), ('3700100213', 'בֵּ֥ית', '37001002', 'H1004b-064'), ('3700100214', 'יְהוָ֖ה', '37001002', 'H3068-001'), ('3700100215', 'לְהִבָּנֽוֹת׃', '37001002', 'H1129-079'), ('3700100216', 'פ', '37001002', 'H????-001'), ('3700100301', 'וַֽיְהִי֙', '37001003', 'H1961-003'), ('3700100302', 'דְּבַר־', '37001003', 'H1697-002'), ('3700100303', 'יְהוָ֔ה', '37001003', 'H3068-001'), ('3700100304', 'בְּיַד־', '37001003', 'H3027-022'), ('3700100305', 'חַגַּ֥י', '37001003', 'H2292a-001'), ('3700100306', 'הַנָּבִ֖יא', '37001003', 'H5030-005'), ('3700100307', 'לֵאמֹֽר׃', '37001003', 'H0559-002'), ('3700100401', 'הַעֵ֤ת', '37001004', 'H6256-015'), ('3700100402', 'לָכֶם֙', '37001004', 'H????-001'), ('3700100403', 'אַתֶּ֔ם', '37001004', 'H0859d-001'), ('3700100404', 'לָשֶׁ֖בֶת', '37001004', 'H3427-004'), ('3700100405', 'בְּבָתֵּיכֶ֣ם', '37001004', 'H1004b-023'), ('3700100406', 'סְפוּנִ֑ים', '37001004', 'H5603-004'), ('3700100407', 'וְהַבַּ֥יִת', '37001004', 'H1004b-013'), ('3700100408', 'הַזֶּ֖ה', '37001004', 'H2088-003'), ('3700100409', 'חָרֵֽב׃', '37001004', 'H2720b-003'), ('3700100501', 'וְעַתָּ֕ה', '37001005', 'H6258-001'), ('3700100502', 'כֹּ֥ה', '37001005', 'H3541-001'), ('3700100503', 'אָמַ֖ר', '37001005', 'H0559-003'), ('3700100504', 'יְהוָ֣ה', '37001005', 'H3068-001'), ('3700100505', 'צְבָא֑וֹת', '37001005', 'H6635b-002'), ('3700100506', 'שִׂ֥ימוּ', '37001005', 'H7760a-067'), ('3700100507', 'לְבַבְכֶ֖ם', '37001005', 'H3824-007'), ('3700100508', 'עַל־', '37001005', 'H5921a-006'), ('3700100509', 'דַּרְכֵיכֶֽם׃', '37001005', 'H1870-014'), ('3700100601', 'זְרַעְתֶּ֨ם', '37001006', 'H2232-034'), ('3700100602', 'הַרְבֵּ֜ה', '37001006', 'H7235a-025'), ('3700100603', 'וְהָבֵ֣א', '37001006', 'H0935-248'), ('3700100604', 'מְעָ֗ט', '37001006', 'H4592-015'), ('3700100605', 'אָכ֤וֹל', '37001006', 'H0398-001'), ('3700100606', 'וְאֵין־', '37001006', 'H0369-006'), ('3700100607', 'לְשָׂבְעָה֙', '37001006', 'H7654-001'), ('3700100608', 'שָׁת֣וֹ', '37001006', 'H8354-027'), ('3700100609', 'וְאֵין־', '37001006', 'H0369-006'), ('3700100610', 'לְשָׁכְרָ֔ה', '37001006', 'H7937-017'), ('3700100611', 'לָב֖וֹשׁ', '37001006', 'H3847-051'), ('3700100612', 'וְאֵין־', '37001006', 'H0369-006'), ('3700100613', 'לְחֹ֣ם', '37001006', 'H2527-009'), ('3700100614', 'ל֑וֹ', '37001006', 'H????-001'), ('3700100615', 'וְהַ֨מִּשְׂתַּכֵּ֔ר', '37001006', 'H7936b-002'), ('3700100616', 'מִשְׂתַּכֵּ֖ר', '37001006', 'H7936b-007'), ('3700100617', 'אֶל־', '37001006', 'H0413-001'), ('3700100618', 'צְר֥וֹר', '37001006', 'H6872a-003'), ('3700100619', 'נָקֽוּב׃', '37001006', 'H5344a-012'), ('3700100620', 'פ', '37001006', 'H????-001'), ('3700100701', 'כֹּ֥ה', '37001007', 'H3541-001'), ('3700100702', 'אָמַ֖ר', '37001007', 'H0559-003'), ('3700100703', 'יְהוָ֣ה', '37001007', 'H3068-001'), ('3700100704', 'צְבָא֑וֹת', '37001007', 'H6635b-002'), ('3700100705', 'שִׂ֥ימוּ', '37001007', 'H7760a-067'), ('3700100706', 'לְבַבְכֶ֖ם', '37001007', 'H3824-007'), ('3700100707', 'עַל־', '37001007', 'H5921a-006'), ('3700100708', 'דַּרְכֵיכֶֽם׃', '37001007', 'H1870-014'), ('3700100801', 'עֲל֥וּ', '37001008', 'H5927-018'), ('3700100802', 'הָהָ֛ר', '37001008', 'H2022-009'), ('3700100803', 'וַהֲבֵאתֶ֥ם', '37001008', 'H0935-114'), ('3700100804', 'עֵ֖ץ', '37001008', 'H6086-004'), ('3700100805', 'וּבְנ֣וּ', '37001008', 'H1129-038'), ('3700100806', 'הַבָּ֑יִת', '37001008', 'H1004b-065'), ('3700100807', 'וְאֶרְצֶה־', '37001008', 'H7521-037'), ('3700100808', 'בּ֥וֹ', '37001008', 'H????-001'), ('3700100809', '[ואכבד]', '37001008', 'H3513-065'), ('3700100810', '(וְאֶכָּבְדָ֖ה)', '37001008', 'H3513-010'), ('3700100811', 'אָמַ֥ר', '37001008', 'H0559-003'), ('3700100812', 'יְהוָֽה׃', '37001008', 'H3068-001'), ('3700100901', 'פָּנֹ֤ה', '37001009', 'H6437-043'), ('3700100902', 'אֶל־', '37001009', 'H0413-001'), ('3700100903', 'הַרְבֵּה֙', '37001009', 'H7235a-025'), ('3700100904', 'וְהִנֵּ֣ה', '37001009', 'H2009-002'), ('3700100905', 'לִמְעָ֔ט', '37001009', 'H4592-016'), ('3700100906', 'וַהֲבֵאתֶ֥ם', '37001009', 'H0935-114'), ('3700100907', 'הַבַּ֖יִת', '37001009', 'H1004b-065'), ('3700100908', 'וְנָפַ֣חְתִּי', '37001009', 'H5301-008'), ('3700100909', 'ב֑וֹ', '37001009', 'H????-001'), ('3700100910', 'יַ֣עַן', '37001009', 'H3282-001'), ('3700100911', 'מֶ֗ה', '37001009', 'H4100-001'), ('3700100912', 'נְאֻם֙', '37001009', 'H5002-001'), ('3700100913', 'יְהוָ֣ה', '37001009', 'H3068-001'), ('3700100914', 'צְבָא֔וֹת', '37001009', 'H6635b-002'), ('3700100915', 'יַ֗עַן', '37001009', 'H3282-001'), ('3700100916', 'בֵּיתִי֙', '37001009', 'H1004b-074'), ('3700100917', 'אֲשֶׁר־', '37001009', 'H0834a-003'), ('3700100918', 'ה֣וּא', '37001009', 'H1931-001'), ('3700100919', 'חָרֵ֔ב', '37001009', 'H2720b-003'), ('3700100920', 'וְאַתֶּ֥ם', '37001009', 'H0859d-002'), ('3700100921', 'רָצִ֖ים', '37001009', 'H7323-011'), ('3700100922', 'אִ֥ישׁ', '37001009', 'H0376-002'), ('3700100923', 'לְבֵיתֽוֹ׃', '37001009', 'H1004b-029'), ('3700101001', 'עַל־', '37001010', 'H5921a-006'), ('3700101002', 'כֵּ֣ן', '37001010', 'H3651c-006'), ('3700101003', 'עֲלֵיכֶ֔ם', '37001010', 'H5921a-005'), ('3700101004', 'כָּלְא֥וּ', '37001010', 'H3607-004'), ('3700101005', 'שָמַ֖יִם‪‬‪‬‪‬', '37001010', 'H8064-002'), ('3700101006', 'מִטָּ֑ל', '37001010', 'H2919-005'), ('3700101007', 'וְהָאָ֖רֶץ', '37001010', 'H0776-002'), ('3700101008', 'כָּלְאָ֥ה', '37001010', 'H3607-015'), ('3700101009', 'יְבוּלָֽהּ׃', '37001010', 'H2981-001'), ('3700101101', 'וָאֶקְרָ֨א', '37001011', 'H7121-013'), ('3700101102', 'חֹ֜רֶב', '37001011', 'H2721a-004'), ('3700101103', 'עַל־', '37001011', 'H5921a-006'), ('3700101104', 'הָאָ֣רֶץ', '37001011', 'H0776-001'), ('3700101105', 'וְעַל־', '37001011', 'H5921a-015'), ('3700101106', 'הֶהָרִ֗ים', '37001011', 'H2022-001'), ('3700101107', 'וְעַל־', '37001011', 'H5921a-015'), ('3700101108', 'הַדָּגָן֙', '37001011', 'H1715-006'), ('3700101109', 'וְעַל־', '37001011', 'H5921a-015'), ('3700101110', 'הַתִּיר֣וֹשׁ', '37001011', 'H8492-006'), ('3700101111', 'וְעַל־', '37001011', 'H5921a-015'), ('3700101112', 'הַיִּצְהָ֔ר', '37001011', 'H3323-005'), ('3700101113', 'וְעַ֛ל', '37001011', 'H5921a-015'), ('3700101114', 'אֲשֶׁ֥ר', '37001011', 'H0834a-003'), ('3700101115', 'תּוֹצִ֖יא', '37001011', 'H3318-148'), ('3700101116', 'הָאֲדָמָ֑ה', '37001011', 'H0127-001'), ('3700101117', 'וְעַל־', '37001011', 'H5921a-015'), ('3700101118', 'הָֽאָדָם֙', '37001011', 'H0120-002'), ('3700101119', 'וְעַל־', '37001011', 'H5921a-015'), ('3700101120', 'הַבְּהֵמָ֔ה', '37001011', 'H0929-002'), ('3700101121', 'וְעַ֖ל', '37001011', 'H5921a-015'), ('3700101122', 'כָּל־', '37001011', 'H3605-001'), ('3700101123', 'יְגִ֥יעַ', '37001011', 'H3018-001'), ('3700101124', 'כַּפָּֽיִם׃', '37001011', 'H3709-033'), ('3700101125', 'ס', '37001011', 'H????-001'), ('3700101201', 'וַיִּשְׁמַ֣ע', '37001012', 'H8085-006'), ('3700101202', 'זְרֻבָּבֶ֣ל ׀', '37001012', 'H2216-001'), ('3700101203', 'בֶּֽן־', '37001012', 'H1121a-073'), ('3700101204', 'שַׁלְתִּיאֵ֡ל', '37001012', 'H7597b-001'), ('3700101205', 'וִיהוֹשֻׁ֣עַ', '37001012', 'H3091-002'), ('3700101206', 'בֶּן־', '37001012', 'H1121a-073'), ('3700101207', 'יְהוֹצָדָק֩', '37001012', 'H3087-001'), ('3700101208', 'הַכֹּהֵ֨ן', '37001012', 'H3548-008'), ('3700101209', 'הַגָּד֜וֹל', '37001012', 'H1419a-015'), ('3700101210', 'וְכֹ֣ל ׀', '37001012', 'H3605-004'), ('3700101211', 'שְׁאֵרִ֣ית', '37001012', 'H7611-004'), ('3700101212', 'הָעָ֗ם', '37001012', 'H5971a-060'), ('3700101213', 'בְּקוֹל֙', '37001012', 'H6963a-004'), ('3700101214', 'יְהוָ֣ה', '37001012', 'H3068-001'), ('3700101215', 'אֱלֹֽהֵיהֶ֔ם', '37001012', 'H0430-017'), ('3700101216', 'וְעַל־', '37001012', 'H5921a-015'), ('3700101217', 'דִּבְרֵי֙', '37001012', 'H1697-009'), ('3700101218', 'חַגַּ֣י', '37001012', 'H2292a-001'), ('3700101219', 'הַנָּבִ֔יא', '37001012', 'H5030-005'), ('3700101220', 'כַּאֲשֶׁ֥ר', '37001012', 'H0834d-003'), ('3700101221', 'שְׁלָח֖וֹ', '37001012', 'H7971-045'), ('3700101222', 'יְהוָ֣ה', '37001012', 'H3068-001'), ('3700101223', 'אֱלֹהֵיהֶ֑ם', '37001012', 'H0430-017'), ('3700101224', 'וַיִּֽירְא֥וּ', '37001012', 'H3372-005'), ('3700101225', 'הָעָ֖ם', '37001012', 'H5971a-060'), ('3700101226', 'מִפְּנֵ֥י', '37001012', 'H6440-003'), ('3700101227', 'יְהוָֽה׃', '37001012', 'H3068-001'), ('3700101301', 'וַ֠יֹּאמֶר', '37001013', 'H0559-001'), ('3700101302', 'חַגַּ֞י', '37001013', 'H2292a-001'), ('3700101303', 'מַלְאַ֧ךְ', '37001013', 'H4397-001'), ('3700101304', 'יְהוָ֛ה', '37001013', 'H3068-001'), ('3700101305', 'בְּמַלְאֲכ֥וּת', '37001013', 'H4400-001'), ('3700101306', 'יְהוָ֖ה', '37001013', 'H3068-001'), ('3700101307', 'לָעָ֣ם', '37001013', 'H5971a-006'), ('3700101308', 'לֵאמֹ֑ר', '37001013', 'H0559-002'), ('3700101309', 'אֲנִ֥י', '37001013', 'H0589-002'), ('3700101310', 'אִתְּכֶ֖ם', '37001013', 'H0854-006'), ('3700101311', 'נְאֻם־', '37001013', 'H5002-001'), ('3700101312', 'יְהוָֽה׃', '37001013', 'H3068-001'), ('3700101401', 'וַיָּ֣עַר', '37001014', 'H5782-004'), ('3700101402', 'יְהוָ֡ה', '37001014', 'H3068-001'), ('3700101403', 'אֶת־', '37001014', 'H0853-001'), ('3700101404', 'רוּחַ֩', '37001014', 'H7307-004'), ('3700101405', 'זְרֻבָּבֶ֨ל', '37001014', 'H2216-001'), ('3700101406', 'בֶּן־', '37001014', 'H1121a-073'), ('3700101407', 'שַׁלְתִּיאֵ֜ל', '37001014', 'H7597b-001'), ('3700101408', 'פַּחַ֣ת', '37001014', 'H6346-003'), ('3700101409', 'יְהוּדָ֗ה', '37001014', 'H3063-001'), ('3700101410', 'וְאֶת־', '37001014', 'H0853-002'), ('3700101411', 'ר֙וּחַ֙', '37001014', 'H7307-004'), ('3700101412', 'יְהוֹשֻׁ֤עַ', '37001014', 'H3091-001'), ('3700101413', 'בֶּן־', '37001014', 'H1121a-073'), ('3700101414', 'יְהוֹצָדָק֙', '37001014', 'H3087-001'), ('3700101415', 'הַכֹּהֵ֣ן', '37001014', 'H3548-008'), ('3700101416', 'הַגָּד֔וֹל', '37001014', 'H1419a-015'), ('3700101417', 'וְֽאֶת־', '37001014', 'H0853-002'), ('3700101418', 'ר֔וּחַ', '37001014', 'H7307-004'), ('3700101419', 'כֹּ֖ל', '37001014', 'H3605-001'), ('3700101420', 'שְׁאֵרִ֣ית', '37001014', 'H7611-004'), ('3700101421', 'הָעָ֑ם', '37001014', 'H5971a-060'), ('3700101422', 'וַיָּבֹ֙אוּ֙', '37001014', 'H0935-013'), ('3700101423', 'וַיַּעֲשׂ֣וּ', '37001014', 'H6213a-015'), ('3700101424', 'מְלָאכָ֔ה', '37001014', 'H4399-003'), ('3700101425', 'בְּבֵית־', '37001014', 'H1004b-071'), ('3700101426', 'יְהוָ֥ה', '37001014', 'H3068-001'), ('3700101427', 'צְבָא֖וֹת', '37001014', 'H6635b-002'), ('3700101428', 'אֱלֹהֵיהֶֽם׃', '37001014', 'H0430-017'), ('3700101429', 'פ', '37001014', 'H????-001'), ('3700101501', 'בְּי֨וֹם', '37001015', 'H3117-006'), ('3700101502', 'עֶשְׂרִ֧ים', '37001015', 'H6242-002'), ('3700101503', 'וְאַרְבָּעָ֛ה', '37001015', 'H0702-012'), ('3700101504', 'לַחֹ֖דֶשׁ', '37001015', 'H2320-002'), ('3700101505', 'בַּשִּׁשִּׁ֑י', '37001015', 'H8345-006'), ('3700101506', 'בִּשְׁנַ֥ת', '37001015', 'H8141-004'), ('3700101507', 'שְׁתַּ֖יִם', '37001015', 'H8147-004'), ('3700101508', 'לְדָרְיָ֥וֶשׁ', '37001015', 'H1867-002'), ('3700101509', 'הַמֶּֽלֶךְ׃', '37001015', 'H4428-006'), ('3700200101', 'בַּשְּׁבִיעִ֕י', '37002001', 'H7637-006'), ('3700200102', 'בְּעֶשְׂרִ֥ים', '37002001', 'H6242-004'), ('3700200103', 'וְאֶחָ֖ד', '37002001', 'H0259-019'), ('3700200104', 'לַחֹ֑דֶשׁ', '37002001', 'H2320-002'), ('3700200105', 'הָיָה֙', '37002001', 'H1961-010'), ('3700200106', 'דְּבַר־', '37002001', 'H1697-002'), ('3700200107', 'יְהוָ֔ה', '37002001', 'H3068-001'), ('3700200108', 'בְּיַד־', '37002001', 'H3027-022'), ('3700200109', 'חַגַּ֥י', '37002001', 'H2292a-001'), ('3700200110', 'הַנָּבִ֖יא', '37002001', 'H5030-005'), ('3700200111', 'לֵאמֹֽר׃', '37002001', 'H0559-002'), ('3700200201', 'אֱמָר־', '37002002', 'H0559-032'), ('3700200202', 'נָ֗א', '37002002', 'H4994-001'), ('3700200203', 'אֶל־', '37002002', 'H0413-001'), ('3700200204', 'זְרֻבָּבֶ֤ל', '37002002', 'H2216-001'), ('3700200205', 'בֶּן־', '37002002', 'H1121a-073'), ('3700200206', 'שַׁלְתִּיאֵל֙', '37002002', 'H7597b-001'), ('3700200207', 'פַּחַ֣ת', '37002002', 'H6346-003'), ('3700200208', 'יְהוּדָ֔ה', '37002002', 'H3063-001'), ('3700200209', 'וְאֶל־', '37002002', 'H0413-002'), ('3700200210', 'יְהוֹשֻׁ֥עַ', '37002002', 'H3091-001'), ('3700200211', 'בֶּן־', '37002002', 'H1121a-073'), ('3700200212', 'יְהוֹצָדָ֖ק', '37002002', 'H3087-001'), ('3700200213', 'הַכֹּהֵ֣ן', '37002002', 'H3548-008'), ('3700200214', 'הַגָּד֑וֹל', '37002002', 'H1419a-015'), ('3700200215', 'וְאֶל־', '37002002', 'H0413-002'), ('3700200216', 'שְׁאֵרִ֥ית', '37002002', 'H7611-004'), ('3700200217', 'הָעָ֖ם', '37002002', 'H5971a-060'), ('3700200218', 'לֵאמֹֽר׃', '37002002', 'H0559-002'), ('3700200301', 'מִ֤י', '37002003', 'H4310-001'), ('3700200302', 'בָכֶם֙', '37002003', 'H????-001'), ('3700200303', 'הַנִּשְׁאָ֔ר', '37002003', 'H7604-003'), ('3700200304', 'אֲשֶׁ֤ר', '37002003', 'H0834a-003'), ('3700200305', 'רָאָה֙', '37002003', 'H7200-029'), ('3700200306', 'אֶת־', '37002003', 'H0853-001'), ('3700200307', 'הַבַּ֣יִת', '37002003', 'H1004b-065'), ('3700200308', 'הַזֶּ֔ה', '37002003', 'H2088-003'), ('3700200309', 'בִּכְבוֹד֖וֹ', '37002003', 'H3519-016'), ('3700200310', 'הָרִאשׁ֑וֹן', '37002003', 'H7223-003'), ('3700200311', 'וּמָ֨ה', '37002003', 'H4100-003'), ('3700200312', 'אַתֶּ֜ם', '37002003', 'H0859d-001'), ('3700200313', 'רֹאִ֤ים', '37002003', 'H7200-063'), ('3700200314', 'אֹתוֹ֙', '37002003', 'H0853-004'), ('3700200315', 'עַ֔תָּה', '37002003', 'H6258-002'), ('3700200316', 'הֲל֥וֹא', '37002003', 'H3808-001'), ('3700200317', 'כָמֹ֛הוּ', '37002003', 'H3644-005'), ('3700200318', 'כְּאַ֖יִן', '37002003', 'H0369-015'), ('3700200319', 'בְּעֵינֵיכֶֽם׃', '37002003', 'H5869a-005'), ('3700200401', 'וְעַתָּ֣ה', '37002004', 'H6258-001'), ('3700200402', 'חֲזַ֣ק', '37002004', 'H2388-018'), ('3700200403', 'זְרֻבָּבֶ֣ל ׀', '37002004', 'H2216-001'), ('3700200404', 'נְאֻם־', '37002004', 'H5002-001'), ('3700200405', 'יְהוָ֡ה', '37002004', 'H3068-001'), ('3700200406', 'וַחֲזַ֣ק', '37002004', 'H2388-092'), ('3700200407', 'יְהוֹשֻׁ֣עַ', '37002004', 'H3091-001'), ('3700200408', 'בֶּן־', '37002004', 'H1121a-073'), ('3700200409', 'יְהוֹצָדָק֩', '37002004', 'H3087-001'), ('3700200410', 'הַכֹּהֵ֨ן', '37002004', 'H3548-008'), ('3700200411', 'הַגָּד֜וֹל', '37002004', 'H1419a-015'), ('3700200412', 'וַחֲזַ֨ק', '37002004', 'H2388-092'), ('3700200413', 'כָּל־', '37002004', 'H3605-001'), ('3700200414', 'עַ֥ם', '37002004', 'H5971a-001'), ('3700200415', 'הָאָ֛רֶץ', '37002004', 'H0776-001'), ('3700200416', 'נְאֻם־', '37002004', 'H5002-001'), ('3700200417', 'יְהוָ֖ה', '37002004', 'H3068-001'), ('3700200418', 'וַֽעֲשׂ֑וּ', '37002004', 'H6213a-127'), ('3700200419', 'כִּֽי־', '37002004', 'H3588a-005'), ('3700200420', 'אֲנִ֣י', '37002004', 'H0589-002'), ('3700200421', 'אִתְּכֶ֔ם', '37002004', 'H0854-006'), ('3700200422', 'נְאֻ֖ם', '37002004', 'H5002-001'), ('3700200423', 'יְהוָ֥ה', '37002004', 'H3068-001'), ('3700200424', 'צְבָאֽוֹת׃', '37002004', 'H6635b-002'), ('3700200501', 'אֶֽת־', '37002005', 'H0853-001'), ('3700200502', 'הַדָּבָ֞ר', '37002005', 'H1697-007'), ('3700200503', 'אֲשֶׁר־', '37002005', 'H0834a-003'), ('3700200504', 'כָּרַ֤תִּי', '37002005', 'H3772-014'), ('3700200505', 'אִתְּכֶם֙', '37002005', 'H0854-006'), ('3700200506', 'בְּצֵאתְכֶ֣ם', '37002005', 'H3318-095'), ('3700200507', 'מִמִּצְרַ֔יִם', '37002005', 'H4714-003'), ('3700200508', 'וְרוּחִ֖י', '37002005', 'H7307-037'), ('3700200509', 'עֹמֶ֣דֶת', '37002005', 'H5975-069'), ('3700200510', 'בְּתוֹכְכֶ֑ם', '37002005', 'H8432-005'), ('3700200511', 'אַל־', '37002005', 'H0408-001'), ('3700200512', 'תִּירָֽאוּ׃', '37002005', 'H3372-011'), ('3700200513', 'ס', '37002005', 'H????-001'), ('3700200601', 'כִּ֣י', '37002006', 'H3588a-005'), ('3700200602', 'כֹ֤ה', '37002006', 'H3541-001'), ('3700200603', 'אָמַר֙', '37002006', 'H0559-003'), ('3700200604', 'יְהוָ֣ה', '37002006', 'H3068-001'), ('3700200605', 'צְבָא֔וֹת', '37002006', 'H6635b-002'), ('3700200606', 'ע֥וֹד', '37002006', 'H5750-001'), ('3700200607', 'אַחַ֖ת', '37002006', 'H0259-016'), ('3700200608', 'מְעַ֣ט', '37002006', 'H4592-015'), ('3700200609', 'הִ֑יא', '37002006', 'H1931-003'), ('3700200610', 'וַאֲנִ֗י', '37002006', 'H0589-001'), ('3700200611', 'מַרְעִישׁ֙', '37002006', 'H7493-008'), ('3700200612', 'אֶת־', '37002006', 'H0853-001'), ('3700200613', 'הַשָּׁמַ֣יִם', '37002006', 'H8064-001'), ('3700200614', 'וְאֶת־', '37002006', 'H0853-002'), ('3700200615', 'הָאָ֔רֶץ', '37002006', 'H0776-001'), ('3700200616', 'וְאֶת־', '37002006', 'H0853-002'), ('3700200617', 'הַיָּ֖ם', '37002006', 'H3220-003'), ('3700200618', 'וְאֶת־', '37002006', 'H0853-002'), ('3700200619', 'הֶחָרָבָֽה׃', '37002006', 'H2724-003'), ('3700200701', 'וְהִרְעַשְׁתִּי֙', '37002007', 'H7493-018'), ('3700200702', 'אֶת־', '37002007', 'H0853-001'), ('3700200703', 'כָּל־', '37002007', 'H3605-001'), ('3700200704', 'הַגּוֹיִ֔ם', '37002007', 'H1471a-022'), ('3700200705', 'וּבָ֖אוּ', '37002007', 'H0935-078'), ('3700200706', 'חֶמְדַּ֣ת', '37002007', 'H2532a-005'), ('3700200707', 'כָּל־', '37002007', 'H3605-001'), ('3700200708', 'הַגּוֹיִ֑ם', '37002007', 'H1471a-022'), ('3700200709', 'וּמִלֵּאתִ֞י', '37002007', 'H4390-038'), ('3700200710', 'אֶת־', '37002007', 'H0853-001'), ('3700200711', 'הַבַּ֤יִת', '37002007', 'H1004b-065'), ('3700200712', 'הַזֶּה֙', '37002007', 'H2088-003'), ('3700200713', 'כָּב֔וֹד', '37002007', 'H3519-011'), ('3700200714', 'אָמַ֖ר', '37002007', 'H0559-003'), ('3700200715', 'יְהוָ֥ה', '37002007', 'H3068-001'), ('3700200716', 'צְבָאֽוֹת׃', '37002007', 'H6635b-002'), ('3700200801', 'לִ֥י', '37002008', 'H????-001'), ('3700200802', 'הַכֶּ֖סֶף', '37002008', 'H3701-007'), ('3700200803', 'וְלִ֣י', '37002008', 'H????-001'), ('3700200804', 'הַזָּהָ֑ב', '37002008', 'H2091-001'), ('3700200805', 'נְאֻ֖ם', '37002008', 'H5002-001'), ('3700200806', 'יְהוָ֥ה', '37002008', 'H3068-001'), ('3700200807', 'צְבָאֽוֹת׃', '37002008', 'H6635b-002'), ('3700200901', 'גָּד֣וֹל', '37002009', 'H1419a-025'), ('3700200902', 'יִֽהְיֶ֡ה', '37002009', 'H1961-006'), ('3700200903', 'כְּבוֹד֩', '37002009', 'H3519-004'), ('3700200904', 'הַבַּ֨יִת', '37002009', 'H1004b-065'), ('3700200905', 'הַזֶּ֤ה', '37002009', 'H2088-003'), ('3700200906', 'הָאַֽחֲרוֹן֙', '37002009', 'H0314-002'), ('3700200907', 'מִן־', '37002009', 'H4480a-010'), ('3700200908', 'הָ֣רִאשׁ֔וֹן', '37002009', 'H7223-003'), ('3700200909', 'אָמַ֖ר', '37002009', 'H0559-003'), ('3700200910', 'יְהוָ֣ה', '37002009', 'H3068-001'), ('3700200911', 'צְבָא֑וֹת', '37002009', 'H6635b-002'), ('3700200912', 'וּבַמָּק֤וֹם', '37002009', 'H4725-039'), ('3700200913', 'הַזֶּה֙', '37002009', 'H2088-003'), ('3700200914', 'אֶתֵּ֣ן', '37002009', 'H5414-009'), ('3700200915', 'שָׁל֔וֹם', '37002009', 'H7965-003'), ('3700200916', 'נְאֻ֖ם', '37002009', 'H5002-001'), ('3700200917', 'יְהוָ֥ה', '37002009', 'H3068-001'), ('3700200918', 'צְבָאֽוֹת׃', '37002009', 'H6635b-002'), ('3700200919', 'פ', '37002009', 'H????-001'), ('3700201001', 'בְּעֶשְׂרִ֤ים', '37002010', 'H6242-004'), ('3700201002', 'וְאַרְבָּעָה֙', '37002010', 'H0702-012'), ('3700201003', 'לַתְּשִׁיעִ֔י', '37002010', 'H8671-003'), ('3700201004', 'בִּשְׁנַ֥ת', '37002010', 'H8141-004'), ('3700201005', 'שְׁתַּ֖יִם', '37002010', 'H8147-004'), ('3700201006', 'לְדָרְיָ֑וֶשׁ', '37002010', 'H1867-002'), ('3700201007', 'הָיָה֙', '37002010', 'H1961-010'), ('3700201008', 'דְּבַר־', '37002010', 'H1697-002'), ('3700201009', 'יְהוָ֔ה', '37002010', 'H3068-001'), ('3700201010', 'אֶל־', '37002010', 'H0413-001'), ('3700201011', 'חַגַּ֥י', '37002010', 'H2292a-001'), ('3700201012', 'הַנָּבִ֖יא', '37002010', 'H5030-005'), ('3700201013', 'לֵאמֹֽר׃', '37002010', 'H0559-002'), ('3700201101', 'כֹּ֥ה', '37002011', 'H3541-001'), ('3700201102', 'אָמַ֖ר', '37002011', 'H0559-003'), ('3700201103', 'יְהוָ֣ה', '37002011', 'H3068-001'), ('3700201104', 'צְבָא֑וֹת', '37002011', 'H6635b-002'), ('3700201105', 'שְׁאַל־', '37002011', 'H7592-016'), ('3700201106', 'נָ֧א', '37002011', 'H4994-001'), ('3700201107', 'אֶת־', '37002011', 'H0853-001'), ('3700201108', 'הַכֹּהֲנִ֛ים', '37002011', 'H3548-003'), ('3700201109', 'תּוֹרָ֖ה', '37002011', 'H8451-002'), ('3700201110', 'לֵאמֹֽר׃', '37002011', 'H0559-002'), ('3700201201', 'הֵ֣ן ׀', '37002012', 'H2005-001'), ('3700201202', 'יִשָּׂא־', '37002012', 'H5375-012'), ('3700201203', 'אִ֨ישׁ', '37002012', 'H0376-002'), ('3700201204', 'בְּשַׂר־', '37002012', 'H1320-006'), ('3700201205', 'קֹ֜דֶשׁ', '37002012', 'H6944-001'), ('3700201206', 'בִּכְנַ֣ף', '37002012', 'H3671-010'), ('3700201207', 'בִּגְד֗וֹ', '37002012', 'H0899b-012'), ('3700201208', 'וְנָגַ֣ע', '37002012', 'H5060-054'), ('3700201209', 'בִּ֠כְנָפוֹ', '37002012', 'H3671-028'), ('3700201210', 'אֶל־', '37002012', 'H0413-001'), ('3700201211', 'הַלֶּ֨חֶם', '37002012', 'H3899-002'), ('3700201212', 'וְאֶל־', '37002012', 'H0413-002'), ('3700201213', 'הַנָּזִ֜יד', '37002012', 'H5138-003'), ('3700201214', 'וְאֶל־', '37002012', 'H0413-002'), ('3700201215', 'הַיַּ֧יִן', '37002012', 'H3196-001'), ('3700201216', 'וְאֶל־', '37002012', 'H0413-002'), ('3700201217', 'שֶׁ֛מֶן', '37002012', 'H8081-001'), ('3700201218', 'וְאֶל־', '37002012', 'H0413-002'), ('3700201219', 'כָּל־', '37002012', 'H3605-001'), ('3700201220', 'מַאֲכָ֖ל', '37002012', 'H3978-002'), ('3700201221', 'הֲיִקְדָּ֑שׁ', '37002012', 'H6942-012'), ('3700201222', 'וַיַּעֲנ֧וּ', '37002012', 'H6030b-042'), ('3700201223', 'הַכֹּהֲנִ֛ים', '37002012', 'H3548-003'), ('3700201224', 'וַיֹּאמְר֖וּ', '37002012', 'H0559-006'), ('3700201225', 'לֹֽא׃', '37002012', 'H3808-001'), ('3700201301', 'וַיֹּ֣אמֶר', '37002013', 'H0559-001'), ('3700201302', 'חַגַּ֔י', '37002013', 'H2292a-001'), ('3700201303', 'אִם־', '37002013', 'H0518a-003'), ('3700201304', 'יִגַּ֧ע', '37002013', 'H5060-013'), ('3700201305', 'טְמֵא־', '37002013', 'H2931-009'), ('3700201306', 'נֶ֛פֶשׁ', '37002013', 'H5315-001'), ('3700201307', 'בְּכָל־', '37002013', 'H3605-014'), ('3700201308', 'אֵ֖לֶּה', '37002013', 'H0428-001'), ('3700201309', 'הֲיִטְמָ֑א', '37002013', 'H2930a-003'), ('3700201310', 'וַיַּעֲנ֧וּ', '37002013', 'H6030b-042'), ('3700201311', 'הַכֹּהֲנִ֛ים', '37002013', 'H3548-003'), ('3700201312', 'וַיֹּאמְר֖וּ', '37002013', 'H0559-006'), ('3700201313', 'יִטְמָֽא׃', '37002013', 'H2930a-003'), ('3700201401', 'וַיַּ֨עַן', '37002014', 'H6030b-032'), ('3700201402', 'חַגַּ֜י', '37002014', 'H2292a-001'), ('3700201403', 'וַיֹּ֗אמֶר', '37002014', 'H0559-001'), ('3700201404', 'כֵּ֣ן', '37002014', 'H3651c-006'), ('3700201405', 'הָֽעָם־', '37002014', 'H5971a-060'), ('3700201406', 'הַ֠זֶּה', '37002014', 'H2088-003'), ('3700201407', 'וְכֵן־', '37002014', 'H3651c-007'), ('3700201408', 'הַגּ֨וֹי', '37002014', 'H1471a-015'), ('3700201409', 'הַזֶּ֤ה', '37002014', 'H2088-003'), ('3700201410', 'לְפָנַי֙', '37002014', 'H6440-009'), ('3700201411', 'נְאֻם־', '37002014', 'H5002-001'), ('3700201412', 'יְהוָ֔ה', '37002014', 'H3068-001'), ('3700201413', 'וְכֵ֖ן', '37002014', 'H3651c-007'), ('3700201414', 'כָּל־', '37002014', 'H3605-001'), ('3700201415', 'מַעֲשֵׂ֣ה', '37002014', 'H4639-003'), ('3700201416', 'יְדֵיהֶ֑ם', '37002014', 'H3027-046'), ('3700201417', 'וַאֲשֶׁ֥ר', '37002014', 'H0834a-006'), ('3700201418', 'יַקְרִ֛יבוּ', '37002014', 'H7126-024'), ('3700201419', 'שָׁ֖ם', '37002014', 'H8033-001'), ('3700201420', 'טָמֵ֥א', '37002014', 'H2931-001'), ('3700201421', 'הֽוּא׃', '37002014', 'H1931-001'), ('3700201501', 'וְעַתָּה֙', '37002015', 'H6258-001'), ('3700201502', 'שִֽׂימוּ־', '37002015', 'H7760a-067'), ('3700201503', 'נָ֣א', '37002015', 'H4994-001'), ('3700201504', 'לְבַבְכֶ֔ם', '37002015', 'H3824-007'), ('3700201505', 'מִן־', '37002015', 'H4480a-010'), ('3700201506', 'הַיּ֥וֹם', '37002015', 'H3117-002'), ('3700201507', 'הַזֶּ֖ה', '37002015', 'H2088-003'), ('3700201508', 'וָמָ֑עְלָה', '37002015', 'H4605-004'), ('3700201509', 'מִטֶּ֧רֶם', '37002015', 'H2962-006'), ('3700201510', 'שֽׂוּם־', '37002015', 'H7760a-024'), ('3700201511', 'אֶ֛בֶן', '37002015', 'H0068-008'), ('3700201512', 'אֶל־', '37002015', 'H0413-001'), ('3700201513', 'אֶ֖בֶן', '37002015', 'H0068-008'), ('3700201514', 'בְּהֵיכַ֥ל', '37002015', 'H1964-002'), ('3700201515', 'יְהוָֽה׃', '37002015', 'H3068-001'), ('3700201601', 'מִֽהְיוֹתָ֥ם', '37002016', 'H1961-090'), ('3700201602', 'בָּא֙', '37002016', 'H0935-012'), ('3700201603', 'אֶל־', '37002016', 'H0413-001'), ('3700201604', 'עֲרֵמַ֣ת', '37002016', 'H6194-004'), ('3700201605', 'עֶשְׂרִ֔ים', '37002016', 'H6242-002'), ('3700201606', 'וְהָיְתָ֖ה', '37002016', 'H1961-017'), ('3700201607', 'עֲשָׂרָ֑ה', '37002016', 'H6235-002'), ('3700201608', 'בָּ֣א', '37002016', 'H0935-012'), ('3700201609', 'אֶל־', '37002016', 'H0413-001'), ('3700201610', 'הַיֶּ֗קֶב', '37002016', 'H3342-001'), ('3700201611', 'לַחְשֹׂף֙', '37002016', 'H2834-010'), ('3700201612', 'חֲמִשִּׁ֣ים', '37002016', 'H2572-001'), ('3700201613', 'פּוּרָ֔ה', '37002016', 'H6333-001'), ('3700201614', 'וְהָיְתָ֖ה', '37002016', 'H1961-017'), ('3700201615', 'עֶשְׂרִֽים׃', '37002016', 'H6242-002'), ('3700201701', 'הִכֵּ֨יתִי', '37002017', 'H5221-059'), ('3700201702', 'אֶתְכֶ֜ם', '37002017', 'H0853-018'), ('3700201703', 'בַּשִּׁדָּפ֤וֹן', '37002017', 'H7711b-003'), ('3700201704', 'וּבַיֵּֽרָקוֹן֙', '37002017', 'H3420-001'), ('3700201705', 'וּבַבָּרָ֔ד', '37002017', 'H1259-007'), ('3700201706', 'אֵ֖ת', '37002017', 'H0853-001'), ('3700201707', 'כָּל־', '37002017', 'H3605-001'), ('3700201708', 'מַעֲשֵׂ֣ה', '37002017', 'H4639-003'), ('3700201709', 'יְדֵיכֶ֑ם', '37002017', 'H3027-055'), ('3700201710', 'וְאֵין־', '37002017', 'H0369-006'), ('3700201711', 'אֶתְכֶ֥ם', '37002017', 'H0853-018'), ('3700201712', 'אֵלַ֖י', '37002017', 'H0413-004'), ('3700201713', 'נְאֻם־', '37002017', 'H5002-001'), ('3700201714', 'יְהוָֽה׃', '37002017', 'H3068-001'), ('3700201801', 'שִׂימוּ־', '37002018', 'H7760a-067'), ('3700201802', 'נָ֣א', '37002018', 'H4994-001'), ('3700201803', 'לְבַבְכֶ֔ם', '37002018', 'H3824-007'), ('3700201804', 'מִן־', '37002018', 'H4480a-010'), ('3700201805', 'הַיּ֥וֹם', '37002018', 'H3117-002'), ('3700201806', 'הַזֶּ֖ה', '37002018', 'H2088-003'), ('3700201807', 'וָמָ֑עְלָה', '37002018', 'H4605-004'), ('3700201808', 'מִיּוֹם֩', '37002018', 'H3117-022'), ('3700201809', 'עֶשְׂרִ֨ים', '37002018', 'H6242-002'), ('3700201810', 'וְאַרְבָּעָ֜ה', '37002018', 'H0702-012'), ('3700201811', 'לַתְּשִׁיעִ֗י', '37002018', 'H8671-003'), ('3700201812', 'לְמִן־', '37002018', 'H4480a-009'), ('3700201813', 'הַיּ֛וֹם', '37002018', 'H3117-002'), ('3700201814', 'אֲשֶׁר־', '37002018', 'H0834a-003'), ('3700201815', 'יֻסַּ֥ד', '37002018', 'H3245-004'), ('3700201816', 'הֵֽיכַל־', '37002018', 'H1964-001'), ('3700201817', 'יְהוָ֖ה', '37002018', 'H3068-001'), ('3700201818', 'שִׂ֥ימוּ', '37002018', 'H7760a-067'), ('3700201819', 'לְבַבְכֶֽם׃', '37002018', 'H3824-007'), ('3700201901', 'הַע֤וֹד', '37002019', 'H5750-001'), ('3700201902', 'הַזֶּ֙רַע֙', '37002019', 'H2233-014'), ('3700201903', 'בַּמְּגוּרָ֔ה', '37002019', 'H4035-003'), ('3700201904', 'וְעַד־', '37002019', 'H5704-002'), ('3700201905', 'הַגֶּ֨פֶן', '37002019', 'H1612-007'), ('3700201906', 'וְהַתְּאֵנָ֧ה', '37002019', 'H8384-020'), ('3700201907', 'וְהָרִמּ֛וֹן', '37002019', 'H7416-010'), ('3700201908', 'וְעֵ֥ץ', '37002019', 'H6086-005'), ('3700201909', 'הַזַּ֖יִת', '37002019', 'H2132-008'), ('3700201910', 'לֹ֣א', '37002019', 'H3808-001'), ('3700201911', 'נָשָׂ֑א', '37002019', 'H5375-003'), ('3700201912', 'מִן־', '37002019', 'H4480a-010'), ('3700201913', 'הַיּ֥וֹם', '37002019', 'H3117-002'), ('3700201914', 'הַזֶּ֖ה', '37002019', 'H2088-003'), ('3700201915', 'אֲבָרֵֽךְ׃', '37002019', 'H1288-073'), ('3700201916', 'ס', '37002019', 'H????-001'), ('3700202001', 'וַיְהִ֨י', '37002020', 'H1961-003'), ('3700202002', 'דְבַר־', '37002020', 'H1697-002'), ('3700202003', 'יְהוָ֤ה ׀', '37002020', 'H3068-001'), ('3700202004', 'שֵׁנִית֙', '37002020', 'H8145-006'), ('3700202005', 'אֶל־', '37002020', 'H0413-001'), ('3700202006', 'חַגַּ֔י', '37002020', 'H2292a-001'), ('3700202007', 'בְּעֶשְׂרִ֧ים', '37002020', 'H6242-004'), ('3700202008', 'וְאַרְבָּעָ֛ה', '37002020', 'H0702-012'), ('3700202009', 'לַחֹ֖דֶשׁ', '37002020', 'H2320-002'), ('3700202010', 'לֵאמֹֽר׃', '37002020', 'H0559-002'), ('3700202101', 'אֱמֹ֕ר', '37002021', 'H0559-032'), ('3700202102', 'אֶל־', '37002021', 'H0413-001'), ('3700202103', 'זְרֻבָּבֶ֥ל', '37002021', 'H2216-001'), ('3700202104', 'פַּֽחַת־', '37002021', 'H6346-003'), ('3700202105', 'יְהוּדָ֖ה', '37002021', 'H3063-001'), ('3700202106', 'לֵאמֹ֑ר', '37002021', 'H0559-002'), ('3700202107', 'אֲנִ֣י', '37002021', 'H0589-002'), ('3700202108', 'מַרְעִ֔ישׁ', '37002021', 'H7493-008'), ('3700202109', 'אֶת־', '37002021', 'H0853-001'), ('3700202110', 'הַשָּׁמַ֖יִם', '37002021', 'H8064-001'), ('3700202111', 'וְאֶת־', '37002021', 'H0853-002'), ('3700202112', 'הָאָֽרֶץ׃', '37002021', 'H0776-001'), ('3700202201', 'וְהָֽפַכְתִּי֙', '37002022', 'H2015-037'), ('3700202202', 'כִּסֵּ֣א', '37002022', 'H3678-003'), ('3700202203', 'מַמְלָכ֔וֹת', '37002022', 'H4467-011'), ('3700202204', 'וְהִ֨שְׁמַדְתִּ֔י', '37002022', 'H8045-002'), ('3700202205', 'חֹ֖זֶק', '37002022', 'H2392-003'), ('3700202206', 'מַמְלְכ֣וֹת', '37002022', 'H4467-005'), ('3700202207', 'הַגּוֹיִ֑ם', '37002022', 'H1471a-022'), ('3700202208', 'וְהָפַכְתִּ֤י', '37002022', 'H2015-037'), ('3700202209', 'מֶרְכָּבָה֙', '37002022', 'H4818-008'), ('3700202210', 'וְרֹ֣כְבֶ֔יהָ', '37002022', 'H7392-038'), ('3700202211', 'וְיָרְד֤וּ', '37002022', 'H3381-031'), ('3700202212', 'סוּסִים֙', '37002022', 'H5483b-028'), ('3700202213', 'וְרֹ֣כְבֵיהֶ֔ם', '37002022', 'H7392-039'), ('3700202214', 'אִ֖ישׁ', '37002022', 'H0376-002'), ('3700202215', 'בְּחֶ֥רֶב', '37002022', 'H2719-020'), ('3700202216', 'אָחִֽיו׃', '37002022', 'H0251-001'), ('3700202301', 'בַּיּ֣וֹם', '37002023', 'H3117-004'), ('3700202302', 'הַה֣וּא', '37002023', 'H1931-005'), ('3700202303', 'נְאֻם־', '37002023', 'H5002-001'), ('3700202304', 'יְהוָ֣ה', '37002023', 'H3068-001'), ('3700202305', 'צְבָא֡וֹת', '37002023', 'H6635b-002'), ('3700202306', 'אֶ֠קָּחֲךָ', '37002023', 'H3947-121'), ('3700202307', 'זְרֻבָּבֶ֨ל', '37002023', 'H2216-001'), ('3700202308', 'בֶּן־', '37002023', 'H1121a-073'), ('3700202309', 'שְׁאַלְתִּיאֵ֤ל', '37002023', 'H7597a-001'), ('3700202310', 'עַבְדִּי֙', '37002023', 'H5650-013'), ('3700202311', 'נְאֻם־', '37002023', 'H5002-001'), ('3700202312', 'יְהוָ֔ה', '37002023', 'H3068-001'), ('3700202313', 'וְשַׂמְתִּ֖יךָ', '37002023', 'H7760a-050'), ('3700202314', 'כַּֽחוֹתָ֑ם', '37002023', 'H2368-004'), ('3700202315', 'כִּֽי־', '37002023', 'H3588a-005'), ('3700202316', 'בְךָ֣', '37002023', 'H????-001'), ('3700202317', 'בָחַ֔רְתִּי', '37002023', 'H0977-015'), ('3700202318', 'נְאֻ֖ם', '37002023', 'H5002-001'), ('3700202319', 'יְהוָ֥ה', '37002023', 'H3068-001'), ('3700202320', 'צְבָאֽוֹת׃', '37002023', 'H6635b-002') ON CONFLICT DO NOTHING;
